date,new_customers,churned_customers,active_customers,daily_revenue,MRR
2023-01-01,5,3,102,510.0,15300
2023-01-02,17,3,116,580.0,17400
2023-01-03,16,3,129,645.0,19350
2023-01-04,9,1,137,685.0,20550
2023-01-05,7,3,141,705.0,21150
2023-01-06,16,1,156,780.0,23400
2023-01-07,15,3,168,840.0,25200
2023-01-08,14,3,179,895.0,26850
2023-01-09,11,2,188,940.0,28200
2023-01-10,19,3,204,1020.0,30600
2023-01-11,13,0,217,1085.0,32550
2023-01-12,18,3,232,1160.0,34800
2023-01-13,7,2,237,1185.0,35550
2023-01-14,8,1,244,1220.0,36600
2023-01-15,12,2,254,1270.0,38100
2023-01-16,17,4,267,1335.0,40050
2023-01-17,19,1,285,1425.0,42750
2023-01-18,6,1,290,1450.0,43500
2023-01-19,19,0,309,1545.0,46350
2023-01-20,7,3,313,1565.0,46950
2023-01-21,15,1,327,1635.0,49050
2023-01-22,19,4,342,1710.0,51300
2023-01-23,13,3,352,1760.0,52800
2023-01-24,18,3,367,1835.0,55050
2023-01-25,11,1,377,1885.0,56550
2023-01-26,18,0,395,1975.0,59250
2023-01-27,16,4,407,2035.0,61050
2023-01-28,15,2,420,2100.0,63000
2023-01-29,14,1,433,2165.0,64950
2023-01-30,7,4,436,2180.0,65400
2023-01-31,13,1,448,2240.0,67200
2023-02-01,19,3,464,2320.0,69600
2023-02-02,6,3,467,2335.0,70050
2023-02-03,18,0,485,2425.0,72750
2023-02-04,19,3,501,2505.0,75150
2023-02-05,15,3,513,2565.0,76950
2023-02-06,15,4,524,2620.0,78600
2023-02-07,14,2,536,2680.0,80400
2023-02-08,15,4,547,2735.0,82050
2023-02-09,19,0,566,2830.0,84900
2023-02-10,15,1,580,2900.0,87000
2023-02-11,17,3,594,2970.0,89100
2023-02-12,13,0,607,3035.0,91050
2023-02-13,18,1,624,3120.0,93600
2023-02-14,9,3,630,3150.0,94500
2023-02-15,10,3,637,3185.0,95550
2023-02-16,15,4,648,3240.0,97200
2023-02-17,8,4,652,3260.0,97800
2023-02-18,11,1,662,3310.0,99300
2023-02-19,6,2,666,3330.0,99900
2023-02-20,5,0,671,3355.0,100650
2023-02-21,6,4,673,3365.0,100950
2023-02-22,17,4,686,3430.0,102900
2023-02-23,11,4,693,3465.0,103950
2023-02-24,15,1,707,3535.0,106050
2023-02-25,17,4,720,3600.0,108000
2023-02-26,12,0,732,3660.0,109800
2023-02-27,16,2,746,3730.0,111900
2023-02-28,11,0,757,3785.0,113550
2023-03-01,16,4,769,3845.0,115350
2023-03-02,8,1,776,3880.0,116400
2023-03-03,9,1,784,3920.0,117600
2023-03-04,8,0,792,3960.0,118800
2023-03-05,8,2,798,3990.0,119700
2023-03-06,11,1,808,4040.0,121200
2023-03-07,9,1,816,4080.0,122400
2023-03-08,10,2,824,4120.0,123600
2023-03-09,14,2,836,4180.0,125400
2023-03-10,12,1,847,4235.0,127050
2023-03-11,8,1,854,4270.0,128100
2023-03-12,15,0,869,4345.0,130350
2023-03-13,14,1,882,4410.0,132300
2023-03-14,12,4,890,4450.0,133500
2023-03-15,8,2,896,4480.0,134400
2023-03-16,8,4,900,4500.0,135000
2023-03-17,18,3,915,4575.0,137250
2023-03-18,5,4,916,4580.0,137400
2023-03-19,9,1,924,4620.0,138600
2023-03-20,17,2,939,4695.0,140850
2023-03-21,16,3,952,4760.0,142800
2023-03-22,7,1,958,4790.0,143700
2023-03-23,17,1,974,4870.0,146100
2023-03-24,19,2,991,4955.0,148650
2023-03-25,9,1,999,4995.0,149850
2023-03-26,5,1,1003,5015.0,150450
2023-03-27,16,1,1018,5090.0,152700
2023-03-28,8,4,1022,5110.0,153300
2023-03-29,5,4,1023,5115.0,153450
2023-03-30,19,1,1041,5205.0,156150
2023-03-31,8,4,1045,5225.0,156750
2023-04-01,10,0,1055,5275.0,158250
2023-04-02,5,4,1056,5280.0,158400
2023-04-03,15,3,1068,5340.0,160200
2023-04-04,19,0,1087,5435.0,163050
2023-04-05,16,0,1103,5515.0,165450
2023-04-06,5,1,1107,5535.0,166050
2023-04-07,11,1,1117,5585.0,167550
2023-04-08,13,1,1129,5645.0,169350
2023-04-09,10,1,1138,5690.0,170700
2023-04-10,19,0,1157,5785.0,173550
2023-04-11,12,2,1167,5835.0,175050
2023-04-12,15,3,1179,5895.0,176850
2023-04-13,18,3,1194,5970.0,179100
2023-04-14,9,1,1202,6010.0,180300
2023-04-15,18,2,1218,6090.0,182700
2023-04-16,19,0,1237,6185.0,185550
2023-04-17,13,0,1250,6250.0,187500
2023-04-18,17,3,1264,6320.0,189600
2023-04-19,9,4,1269,6345.0,190350
2023-04-20,8,1,1276,6380.0,191400
2023-04-21,19,4,1291,6455.0,193650
2023-04-22,14,3,1302,6510.0,195300
2023-04-23,15,2,1315,6575.0,197250
2023-04-24,13,4,1324,6620.0,198600
2023-04-25,7,3,1328,6640.0,199200
2023-04-26,16,3,1341,6705.0,201150
2023-04-27,18,0,1359,6795.0,203850
2023-04-28,17,2,1374,6870.0,206100
2023-04-29,13,4,1383,6915.0,207450
2023-04-30,15,1,1397,6985.0,209550
2023-05-01,16,0,1413,7065.0,211950
2023-05-02,9,0,1422,7110.0,213300
2023-05-03,5,4,1423,7115.0,213450
2023-05-04,16,0,1439,7195.0,215850
2023-05-05,7,4,1442,7210.0,216300
2023-05-06,6,0,1448,7240.0,217200
2023-05-07,17,1,1464,7320.0,219600
2023-05-08,5,0,1469,7345.0,220350
2023-05-09,5,0,1474,7370.0,221100
2023-05-10,17,0,1491,7455.0,223650
2023-05-11,13,2,1502,7510.0,225300
2023-05-12,6,2,1506,7530.0,225900
2023-05-13,7,3,1510,7550.0,226500
2023-05-14,13,3,1520,7600.0,228000
2023-05-15,13,3,1530,7650.0,229500
2023-05-16,18,3,1545,7725.0,231750
2023-05-17,16,3,1558,7790.0,233700
2023-05-18,12,2,1568,7840.0,235200
2023-05-19,6,4,1570,7850.0,235500
2023-05-20,18,2,1586,7930.0,237900
2023-05-21,12,1,1597,7985.0,239550
2023-05-22,16,3,1610,8050.0,241500
2023-05-23,15,1,1624,8120.0,243600
2023-05-24,5,4,1625,8125.0,243750
2023-05-25,12,0,1637,8185.0,245550
2023-05-26,18,1,1654,8270.0,248100
2023-05-27,5,1,1658,8290.0,248700
2023-05-28,9,3,1664,8320.0,249600
2023-05-29,19,2,1681,8405.0,252150
2023-05-30,19,4,1696,8480.0,254400
2023-05-31,14,4,1706,8530.0,255900
2023-06-01,7,1,1712,8560.0,256800
2023-06-02,12,0,1724,8620.0,258600
2023-06-03,17,2,1739,8695.0,260850
2023-06-04,10,1,1748,8740.0,262200
2023-06-05,7,4,1751,8755.0,262650
2023-06-06,7,1,1757,8785.0,263550
2023-06-07,18,2,1773,8865.0,265950
2023-06-08,13,3,1783,8915.0,267450
2023-06-09,15,4,1794,8970.0,269100
2023-06-10,19,4,1809,9045.0,271350
2023-06-11,7,1,1815,9075.0,272250
2023-06-12,13,4,1824,9120.0,273600
2023-06-13,18,3,1839,9195.0,275850
2023-06-14,7,3,1843,9215.0,276450
2023-06-15,6,0,1849,9245.0,277350
2023-06-16,15,3,1861,9305.0,279150
2023-06-17,12,3,1870,9350.0,280500
2023-06-18,9,4,1875,9375.0,281250
2023-06-19,6,1,1880,9400.0,282000
2023-06-20,17,0,1897,9485.0,284550
2023-06-21,8,0,1905,9525.0,285750
2023-06-22,6,3,1908,9540.0,286200
2023-06-23,5,1,1912,9560.0,286800
2023-06-24,6,2,1916,9580.0,287400
2023-06-25,19,0,1935,9675.0,290250
2023-06-26,8,3,1940,9700.0,291000
2023-06-27,11,3,1948,9740.0,292200
2023-06-28,11,2,1957,9785.0,293550
2023-06-29,14,3,1968,9840.0,295200
2023-06-30,5,1,1972,9860.0,295800
2023-07-01,5,1,1976,9880.0,296400
2023-07-02,6,3,1979,9895.0,296850
2023-07-03,13,3,1989,9945.0,298350
2023-07-04,13,4,1998,9990.0,299700
2023-07-05,7,4,2001,10005.0,300150
2023-07-06,6,3,2004,10020.0,300600
2023-07-07,14,0,2018,10090.0,302700
2023-07-08,6,3,2021,10105.0,303150
2023-07-09,14,2,2033,10165.0,304950
2023-07-10,6,4,2035,10175.0,305250
2023-07-11,5,4,2036,10180.0,305400
2023-07-12,16,1,2051,10255.0,307650
2023-07-13,6,2,2055,10275.0,308250
2023-07-14,8,2,2061,10305.0,309150
2023-07-15,13,1,2073,10365.0,310950
2023-07-16,10,2,2081,10405.0,312150
2023-07-17,17,0,2098,10490.0,314700
2023-07-18,11,2,2107,10535.0,316050
2023-07-19,19,2,2124,10620.0,318600
2023-07-20,14,2,2136,10680.0,320400
2023-07-21,15,1,2150,10750.0,322500
2023-07-22,13,2,2161,10805.0,324150
2023-07-23,19,0,2180,10900.0,327000
2023-07-24,8,4,2184,10920.0,327600
2023-07-25,14,3,2195,10975.0,329250
2023-07-26,16,2,2209,11045.0,331350
2023-07-27,9,3,2215,11075.0,332250
2023-07-28,17,0,2232,11160.0,334800
2023-07-29,16,0,2248,11240.0,337200
2023-07-30,11,0,2259,11295.0,338850
2023-07-31,16,2,2273,11365.0,340950
2023-08-01,11,4,2280,11400.0,342000
2023-08-02,16,4,2292,11460.0,343800
2023-08-03,9,1,2300,11500.0,345000
2023-08-04,16,0,2316,11580.0,347400
2023-08-05,16,1,2331,11655.0,349650
2023-08-06,9,0,2340,11700.0,351000
2023-08-07,14,0,2354,11770.0,353100
2023-08-08,13,3,2364,11820.0,354600
2023-08-09,13,2,2375,11875.0,356250
2023-08-10,19,2,2392,11960.0,358800
2023-08-11,19,2,2409,12045.0,361350
2023-08-12,8,4,2413,12065.0,361950
2023-08-13,7,0,2420,12100.0,363000
2023-08-14,5,1,2424,12120.0,363600
2023-08-15,16,1,2439,12195.0,365850
2023-08-16,5,4,2440,12200.0,366000
2023-08-17,17,4,2453,12265.0,367950
2023-08-18,10,2,2461,12305.0,369150
2023-08-19,19,2,2478,12390.0,371700
2023-08-20,10,3,2485,12425.0,372750
2023-08-21,9,0,2494,12470.0,374100
2023-08-22,14,2,2506,12530.0,375900
2023-08-23,9,1,2514,12570.0,377100
2023-08-24,15,4,2525,12625.0,378750
2023-08-25,12,0,2537,12685.0,380550
2023-08-26,13,0,2550,12750.0,382500
2023-08-27,15,0,2565,12825.0,384750
2023-08-28,19,2,2582,12910.0,387300
2023-08-29,14,1,2595,12975.0,389250
2023-08-30,10,4,2601,13005.0,390150
2023-08-31,14,1,2614,13070.0,392100
2023-09-01,17,4,2627,13135.0,394050
2023-09-02,18,2,2643,13215.0,396450
2023-09-03,14,2,2655,13275.0,398250
2023-09-04,19,2,2672,13360.0,400800
2023-09-05,11,3,2680,13400.0,402000
2023-09-06,7,4,2683,13415.0,402450
2023-09-07,6,0,2689,13445.0,403350
2023-09-08,15,3,2701,13505.0,405150
2023-09-09,7,2,2706,13530.0,405900
2023-09-10,11,1,2716,13580.0,407400
2023-09-11,15,4,2727,13635.0,409050
2023-09-12,15,1,2741,13705.0,411150
2023-09-13,17,3,2755,13775.0,413250
2023-09-14,18,2,2771,13855.0,415650
2023-09-15,13,3,2781,13905.0,417150
2023-09-16,12,2,2791,13955.0,418650
2023-09-17,13,4,2800,14000.0,420000
2023-09-18,10,2,2808,14040.0,421200
2023-09-19,15,0,2823,14115.0,423450
2023-09-20,5,4,2824,14120.0,423600
2023-09-21,16,3,2837,14185.0,425550
2023-09-22,9,1,2845,14225.0,426750
2023-09-23,14,4,2855,14275.0,428250
2023-09-24,7,3,2859,14295.0,428850
2023-09-25,16,3,2872,14360.0,430800
2023-09-26,15,0,2887,14435.0,433050
2023-09-27,6,0,2893,14465.0,433950
2023-09-28,9,2,2900,14500.0,435000
2023-09-29,11,2,2909,14545.0,436350
2023-09-30,18,1,2926,14630.0,438900
2023-10-01,10,1,2935,14675.0,440250
2023-10-02,5,1,2939,14695.0,440850
2023-10-03,18,0,2957,14785.0,443550
2023-10-04,5,1,2961,14805.0,444150
2023-10-05,15,1,2975,14875.0,446250
2023-10-06,15,3,2987,14935.0,448050
2023-10-07,9,3,2993,14965.0,448950
2023-10-08,8,0,3001,15005.0,450150
2023-10-09,8,4,3005,15025.0,450750
2023-10-10,14,4,3015,15075.0,452250
2023-10-11,13,0,3028,15140.0,454200
2023-10-12,9,2,3035,15175.0,455250
2023-10-13,12,0,3047,15235.0,457050
2023-10-14,14,2,3059,15295.0,458850
2023-10-15,17,4,3072,15360.0,460800
2023-10-16,7,0,3079,15395.0,461850
2023-10-17,12,4,3087,15435.0,463050
2023-10-18,9,1,3095,15475.0,464250
2023-10-19,6,4,3097,15485.0,464550
2023-10-20,9,1,3105,15525.0,465750
2023-10-21,10,4,3111,15555.0,466650
2023-10-22,13,4,3120,15600.0,468000
2023-10-23,13,2,3131,15655.0,469650
2023-10-24,12,3,3140,15700.0,471000
2023-10-25,11,1,3150,15750.0,472500
2023-10-26,11,4,3157,15785.0,473550
2023-10-27,13,4,3166,15830.0,474900
2023-10-28,19,3,3182,15910.0,477300
2023-10-29,5,3,3184,15920.0,477600
2023-10-30,12,3,3193,15965.0,478950
2023-10-31,8,3,3198,15990.0,479700
2023-11-01,16,2,3212,16060.0,481800
2023-11-02,5,4,3213,16065.0,481950
2023-11-03,9,0,3222,16110.0,483300
2023-11-04,17,1,3238,16190.0,485700
2023-11-05,7,3,3242,16210.0,486300
2023-11-06,15,1,3256,16280.0,488400
2023-11-07,5,0,3261,16305.0,489150
2023-11-08,7,0,3268,16340.0,490200
2023-11-09,11,1,3278,16390.0,491700
2023-11-10,19,2,3295,16475.0,494250
2023-11-11,17,0,3312,16560.0,496800
2023-11-12,12,3,3321,16605.0,498150
2023-11-13,13,3,3331,16655.0,499650
2023-11-14,16,0,3347,16735.0,502050
2023-11-15,6,4,3349,16745.0,502350
2023-11-16,14,4,3359,16795.0,503850
2023-11-17,17,1,3375,16875.0,506250
2023-11-18,17,0,3392,16960.0,508800
2023-11-19,9,4,3397,16985.0,509550
2023-11-20,6,3,3400,17000.0,510000
2023-11-21,9,1,3408,17040.0,511200
2023-11-22,17,1,3424,17120.0,513600
2023-11-23,7,1,3430,17150.0,514500
2023-11-24,11,4,3437,17185.0,515550
2023-11-25,19,3,3453,17265.0,517950
2023-11-26,14,3,3464,17320.0,519600
2023-11-27,5,1,3468,17340.0,520200
2023-11-28,9,2,3475,17375.0,521250
2023-11-29,9,4,3480,17400.0,522000
2023-11-30,16,1,3495,17475.0,524250
2023-12-01,5,4,3496,17480.0,524400
2023-12-02,13,4,3505,17525.0,525750
2023-12-03,5,4,3506,17530.0,525900
2023-12-04,8,0,3514,17570.0,527100
2023-12-05,18,0,3532,17660.0,529800
2023-12-06,9,2,3539,17695.0,530850
2023-12-07,5,4,3540,17700.0,531000
2023-12-08,14,1,3553,17765.0,532950
2023-12-09,19,1,3571,17855.0,535650
2023-12-10,6,3,3574,17870.0,536100
2023-12-11,14,0,3588,17940.0,538200
2023-12-12,8,0,3596,17980.0,539400
2023-12-13,12,3,3605,18025.0,540750
2023-12-14,11,4,3612,18060.0,541800
2023-12-15,16,2,3626,18130.0,543900
2023-12-16,8,1,3633,18165.0,544950
2023-12-17,12,0,3645,18225.0,546750
2023-12-18,8,3,3650,18250.0,547500
2023-12-19,17,3,3664,18320.0,549600
2023-12-20,15,0,3679,18395.0,551850
2023-12-21,19,3,3695,18475.0,554250
2023-12-22,18,1,3712,18560.0,556800
2023-12-23,8,4,3716,18580.0,557400
2023-12-24,16,4,3728,18640.0,559200
2023-12-25,9,4,3733,18665.0,559950
2023-12-26,9,4,3738,18690.0,560700
2023-12-27,5,2,3741,18705.0,561150
2023-12-28,19,1,3759,18795.0,563850
2023-12-29,15,1,3773,18865.0,565950
2023-12-30,14,3,3784,18920.0,567600
2023-12-31,8,0,3792,18960.0,568800
2024-01-01,13,4,3801,19005.0,570150
2024-01-02,15,3,3813,19065.0,571950
2024-01-03,12,1,3824,19120.0,573600
2024-01-04,12,3,3833,19165.0,574950
2024-01-05,14,2,3845,19225.0,576750
2024-01-06,19,2,3862,19310.0,579300
2024-01-07,17,3,3876,19380.0,581400
2024-01-08,13,3,3886,19430.0,582900
2024-01-09,9,3,3892,19460.0,583800
2024-01-10,8,2,3898,19490.0,584700
2024-01-11,9,1,3906,19530.0,585900
2024-01-12,19,3,3922,19610.0,588300
2024-01-13,18,2,3938,19690.0,590700
2024-01-14,16,3,3951,19755.0,592650
2024-01-15,6,0,3957,19785.0,593550
2024-01-16,18,2,3973,19865.0,595950
2024-01-17,8,1,3980,19900.0,597000
2024-01-18,8,3,3985,19925.0,597750
2024-01-19,5,2,3988,19940.0,598200
2024-01-20,6,0,3994,19970.0,599100
2024-01-21,12,4,4002,20010.0,600300
2024-01-22,9,1,4010,20050.0,601500
2024-01-23,13,4,4019,20095.0,602850
2024-01-24,18,1,4036,20180.0,605400
2024-01-25,12,0,4048,20240.0,607200
2024-01-26,9,0,4057,20285.0,608550
2024-01-27,5,3,4059,20295.0,608850
2024-01-28,17,3,4073,20365.0,610950
2024-01-29,18,4,4087,20435.0,613050
2024-01-30,16,0,4103,20515.0,615450
2024-01-31,5,4,4104,20520.0,615600
2024-02-01,7,0,4111,20555.0,616650
2024-02-02,12,4,4119,20595.0,617850
2024-02-03,17,2,4134,20670.0,620100
2024-02-04,16,1,4149,20745.0,622350
2024-02-05,16,2,4163,20815.0,624450
2024-02-06,17,0,4180,20900.0,627000
2024-02-07,7,2,4185,20925.0,627750
2024-02-08,10,3,4192,20960.0,628800
2024-02-09,18,2,4208,21040.0,631200
2024-02-10,13,4,4217,21085.0,632550
2024-02-11,16,0,4233,21165.0,634950
2024-02-12,17,0,4250,21250.0,637500
2024-02-13,10,1,4259,21295.0,638850
2024-02-14,6,3,4262,21310.0,639300
2024-02-15,9,2,4269,21345.0,640350
2024-02-16,17,1,4285,21425.0,642750
2024-02-17,9,3,4291,21455.0,643650
2024-02-18,7,4,4294,21470.0,644100
2024-02-19,14,1,4307,21535.0,646050
2024-02-20,9,1,4315,21575.0,647250
2024-02-21,19,0,4334,21670.0,650100
2024-02-22,9,0,4343,21715.0,651450
2024-02-23,14,3,4354,21770.0,653100
2024-02-24,7,0,4361,21805.0,654150
2024-02-25,7,4,4364,21820.0,654600
2024-02-26,19,2,4381,21905.0,657150
2024-02-27,14,2,4393,21965.0,658950
2024-02-28,7,2,4398,21990.0,659700
2024-02-29,9,1,4406,22030.0,660900
2024-03-01,13,2,4417,22085.0,662550
2024-03-02,8,3,4422,22110.0,663300
2024-03-03,13,3,4432,22160.0,664800
2024-03-04,10,2,4440,22200.0,666000
2024-03-05,9,4,4445,22225.0,666750
2024-03-06,7,1,4451,22255.0,667650
2024-03-07,14,2,4463,22315.0,669450
2024-03-08,14,4,4473,22365.0,670950
2024-03-09,14,4,4483,22415.0,672450
2024-03-10,8,3,4488,22440.0,673200
2024-03-11,5,3,4490,22450.0,673500
2024-03-12,12,1,4501,22505.0,675150
2024-03-13,12,3,4510,22550.0,676500
2024-03-14,7,1,4516,22580.0,677400
2024-03-15,18,1,4533,22665.0,679950
2024-03-16,13,3,4543,22715.0,681450
2024-03-17,10,0,4553,22765.0,682950
2024-03-18,17,2,4568,22840.0,685200
2024-03-19,16,4,4580,22900.0,687000
2024-03-20,11,0,4591,22955.0,688650
2024-03-21,9,2,4598,22990.0,689700
2024-03-22,17,4,4611,23055.0,691650
2024-03-23,14,4,4621,23105.0,693150
2024-03-24,19,4,4636,23180.0,695400
2024-03-25,10,1,4645,23225.0,696750
2024-03-26,6,1,4650,23250.0,697500
2024-03-27,13,0,4663,23315.0,699450
2024-03-28,9,4,4668,23340.0,700200
2024-03-29,19,2,4685,23425.0,702750
2024-03-30,10,2,4693,23465.0,703950
2024-03-31,5,4,4694,23470.0,704100
2024-04-01,13,2,4705,23525.0,705750
2024-04-02,17,2,4720,23600.0,708000
2024-04-03,14,4,4730,23650.0,709500
2024-04-04,9,4,4735,23675.0,710250
2024-04-05,10,0,4745,23725.0,711750
2024-04-06,16,1,4760,23800.0,714000
2024-04-07,11,4,4767,23835.0,715050
2024-04-08,13,1,4779,23895.0,716850
2024-04-09,15,1,4793,23965.0,718950
2024-04-10,14,0,4807,24035.0,721050
2024-04-11,12,1,4818,24090.0,722700
2024-04-12,12,3,4827,24135.0,724050
2024-04-13,16,3,4840,24200.0,726000
2024-04-14,9,4,4845,24225.0,726750
2024-04-15,19,2,4862,24310.0,729300
2024-04-16,7,3,4866,24330.0,729900
2024-04-17,7,0,4873,24365.0,730950
2024-04-18,14,0,4887,24435.0,733050
2024-04-19,18,3,4902,24510.0,735300
2024-04-20,14,1,4915,24575.0,737250
2024-04-21,12,1,4926,24630.0,738900
2024-04-22,8,3,4931,24655.0,739650
2024-04-23,13,3,4941,24705.0,741150
2024-04-24,15,2,4954,24770.0,743100
2024-04-25,5,0,4959,24795.0,743850
2024-04-26,8,0,4967,24835.0,745050
2024-04-27,8,2,4973,24865.0,745950
2024-04-28,15,1,4987,24935.0,748050
2024-04-29,8,2,4993,24965.0,748950
2024-04-30,11,4,5000,25000.0,750000
2024-05-01,6,2,5004,25020.0,750600
2024-05-02,10,3,5011,25055.0,751650
2024-05-03,5,2,5014,25070.0,752100
2024-05-04,12,1,5025,25125.0,753750
2024-05-05,18,2,5041,25205.0,756150
2024-05-06,9,2,5048,25240.0,757200
2024-05-07,8,1,5055,25275.0,758250
2024-05-08,16,2,5069,25345.0,760350
2024-05-09,10,0,5079,25395.0,761850
2024-05-10,11,1,5089,25445.0,763350
2024-05-11,18,3,5104,25520.0,765600
2024-05-12,11,1,5114,25570.0,767100
2024-05-13,8,3,5119,25595.0,767850
2024-05-14,11,4,5126,25630.0,768900
2024-05-15,17,3,5140,25700.0,771000
2024-05-16,5,2,5143,25715.0,771450
2024-05-17,16,1,5158,25790.0,773700
2024-05-18,13,4,5167,25835.0,775050
2024-05-19,15,4,5178,25890.0,776700
2024-05-20,8,3,5183,25915.0,777450
2024-05-21,19,3,5199,25995.0,779850
2024-05-22,11,2,5208,26040.0,781200
2024-05-23,7,0,5215,26075.0,782250
2024-05-24,11,2,5224,26120.0,783600
2024-05-25,10,1,5233,26165.0,784950
2024-05-26,6,1,5238,26190.0,785700
2024-05-27,8,4,5242,26210.0,786300
2024-05-28,14,0,5256,26280.0,788400
2024-05-29,14,0,5270,26350.0,790500
2024-05-30,17,4,5283,26415.0,792450
2024-05-31,8,0,5291,26455.0,793650
2024-06-01,15,2,5304,26520.0,795600
2024-06-02,5,0,5309,26545.0,796350
2024-06-03,11,1,5319,26595.0,797850
2024-06-04,11,1,5329,26645.0,799350
2024-06-05,18,0,5347,26735.0,802050
2024-06-06,15,3,5359,26795.0,803850
2024-06-07,5,1,5363,26815.0,804450
2024-06-08,5,2,5366,26830.0,804900
2024-06-09,9,4,5371,26855.0,805650
2024-06-10,12,1,5382,26910.0,807300
2024-06-11,19,1,5400,27000.0,810000
2024-06-12,15,4,5411,27055.0,811650
2024-06-13,10,2,5419,27095.0,812850
2024-06-14,8,2,5425,27125.0,813750
2024-06-15,10,4,5431,27155.0,814650
2024-06-16,9,0,5440,27200.0,816000
2024-06-17,7,1,5446,27230.0,816900
2024-06-18,5,4,5447,27235.0,817050
2024-06-19,19,4,5462,27310.0,819300
2024-06-20,13,1,5474,27370.0,821100
2024-06-21,12,2,5484,27420.0,822600
2024-06-22,18,0,5502,27510.0,825300
2024-06-23,13,3,5512,27560.0,826800
2024-06-24,11,3,5520,27600.0,828000
2024-06-25,7,3,5524,27620.0,828600
2024-06-26,17,4,5537,27685.0,830550
2024-06-27,15,3,5549,27745.0,832350
2024-06-28,19,0,5568,27840.0,835200
2024-06-29,7,4,5571,27855.0,835650
2024-06-30,13,0,5584,27920.0,837600
2024-07-01,7,0,5591,27955.0,838650
2024-07-02,6,2,5595,27975.0,839250
2024-07-03,7,0,5602,28010.0,840300
2024-07-04,7,0,5609,28045.0,841350
2024-07-05,5,4,5610,28050.0,841500
2024-07-06,15,4,5621,28105.0,843150
2024-07-07,9,2,5628,28140.0,844200
2024-07-08,14,0,5642,28210.0,846300
2024-07-09,18,4,5656,28280.0,848400
2024-07-10,11,4,5663,28315.0,849450
2024-07-11,7,3,5667,28335.0,850050
2024-07-12,11,2,5676,28380.0,851400
2024-07-13,19,4,5691,28455.0,853650
2024-07-14,11,2,5700,28500.0,855000
2024-07-15,5,2,5703,28515.0,855450
2024-07-16,12,2,5713,28565.0,856950
2024-07-17,7,1,5719,28595.0,857850
2024-07-18,12,1,5730,28650.0,859500
2024-07-19,11,2,5739,28695.0,860850
2024-07-20,17,2,5754,28770.0,863100
2024-07-21,7,3,5758,28790.0,863700
2024-07-22,15,0,5773,28865.0,865950
2024-07-23,15,2,5786,28930.0,867900
2024-07-24,13,1,5798,28990.0,869700
2024-07-25,17,2,5813,29065.0,871950
2024-07-26,19,3,5829,29145.0,874350
2024-07-27,14,3,5840,29200.0,876000
2024-07-28,10,0,5850,29250.0,877500
2024-07-29,5,2,5853,29265.0,877950
2024-07-30,17,2,5868,29340.0,880200
2024-07-31,13,3,5878,29390.0,881700
2024-08-01,8,4,5882,29410.0,882300
2024-08-02,12,4,5890,29450.0,883500
2024-08-03,12,2,5900,29500.0,885000
2024-08-04,18,4,5914,29570.0,887100
2024-08-05,7,2,5919,29595.0,887850
2024-08-06,16,4,5931,29655.0,889650
2024-08-07,19,0,5950,29750.0,892500
2024-08-08,12,3,5959,29795.0,893850
2024-08-09,12,3,5968,29840.0,895200
2024-08-10,15,0,5983,29915.0,897450
2024-08-11,11,2,5992,29960.0,898800
2024-08-12,14,2,6004,30020.0,900600
2024-08-13,7,0,6011,30055.0,901650
2024-08-14,11,4,6018,30090.0,902700
2024-08-15,14,1,6031,30155.0,904650
2024-08-16,17,0,6048,30240.0,907200
2024-08-17,5,0,6053,30265.0,907950
2024-08-18,11,0,6064,30320.0,909600
2024-08-19,15,3,6076,30380.0,911400
2024-08-20,13,2,6087,30435.0,913050
2024-08-21,13,1,6099,30495.0,914850
2024-08-22,13,4,6108,30540.0,916200
2024-08-23,13,0,6121,30605.0,918150
2024-08-24,6,0,6127,30635.0,919050
2024-08-25,10,0,6137,30685.0,920550
2024-08-26,10,2,6145,30725.0,921750
2024-08-27,19,3,6161,30805.0,924150
2024-08-28,17,0,6178,30890.0,926700
2024-08-29,11,4,6185,30925.0,927750
2024-08-30,6,2,6189,30945.0,928350
2024-08-31,11,0,6200,31000.0,930000
2024-09-01,10,4,6206,31030.0,930900
2024-09-02,10,0,6216,31080.0,932400
2024-09-03,14,4,6226,31130.0,933900
2024-09-04,15,4,6237,31185.0,935550
2024-09-05,18,4,6251,31255.0,937650
2024-09-06,16,3,6264,31320.0,939600
2024-09-07,16,2,6278,31390.0,941700
2024-09-08,12,3,6287,31435.0,943050
2024-09-09,7,4,6290,31450.0,943500
2024-09-10,11,1,6300,31500.0,945000
2024-09-11,11,1,6310,31550.0,946500
2024-09-12,12,3,6319,31595.0,947850
2024-09-13,13,3,6329,31645.0,949350
2024-09-14,19,4,6344,31720.0,951600
2024-09-15,5,0,6349,31745.0,952350
2024-09-16,18,0,6367,31835.0,955050
2024-09-17,10,0,6377,31885.0,956550
2024-09-18,14,0,6391,31955.0,958650
2024-09-19,18,2,6407,32035.0,961050
2024-09-20,8,1,6414,32070.0,962100
2024-09-21,8,0,6422,32110.0,963300
2024-09-22,18,4,6436,32180.0,965400
2024-09-23,8,4,6440,32200.0,966000
2024-09-24,7,3,6444,32220.0,966600
2024-09-25,14,2,6456,32280.0,968400
2024-09-26,19,1,6474,32370.0,971100
2024-09-27,5,2,6477,32385.0,971550
2024-09-28,8,2,6483,32415.0,972450
2024-09-29,5,0,6488,32440.0,973200
2024-09-30,12,3,6497,32485.0,974550
2024-10-01,15,2,6510,32550.0,976500
2024-10-02,17,2,6525,32625.0,978750
2024-10-03,12,3,6534,32670.0,980100
2024-10-04,18,3,6549,32745.0,982350
2024-10-05,6,3,6552,32760.0,982800
2024-10-06,17,3,6566,32830.0,984900
2024-10-07,6,2,6570,32850.0,985500
2024-10-08,14,1,6583,32915.0,987450
2024-10-09,18,0,6601,33005.0,990150
2024-10-10,8,2,6607,33035.0,991050
2024-10-11,13,4,6616,33080.0,992400
2024-10-12,15,2,6629,33145.0,994350
2024-10-13,14,2,6641,33205.0,996150
2024-10-14,19,2,6658,33290.0,998700
2024-10-15,13,2,6669,33345.0,1000350
2024-10-16,17,2,6684,33420.0,1002600
2024-10-17,19,3,6700,33500.0,1005000
2024-10-18,10,3,6707,33535.0,1006050
2024-10-19,11,1,6717,33585.0,1007550
2024-10-20,18,3,6732,33660.0,1009800
2024-10-21,8,1,6739,33695.0,1010850
2024-10-22,18,1,6756,33780.0,1013400
2024-10-23,15,2,6769,33845.0,1015350
2024-10-24,16,0,6785,33925.0,1017750
2024-10-25,16,2,6799,33995.0,1019850
2024-10-26,19,0,6818,34090.0,1022700
2024-10-27,14,4,6828,34140.0,1024200
2024-10-28,6,2,6832,34160.0,1024800
2024-10-29,12,1,6843,34215.0,1026450
2024-10-30,16,0,6859,34295.0,1028850
2024-10-31,14,4,6869,34345.0,1030350
2024-11-01,17,1,6885,34425.0,1032750
2024-11-02,14,4,6895,34475.0,1034250
2024-11-03,10,2,6903,34515.0,1035450
2024-11-04,16,3,6916,34580.0,1037400
2024-11-05,5,0,6921,34605.0,1038150
2024-11-06,13,3,6931,34655.0,1039650
2024-11-07,11,1,6941,34705.0,1041150
2024-11-08,13,0,6954,34770.0,1043100
2024-11-09,6,0,6960,34800.0,1044000
2024-11-10,8,3,6965,34825.0,1044750
2024-11-11,17,2,6980,34900.0,1047000
2024-11-12,17,0,6997,34985.0,1049550
2024-11-13,7,1,7003,35015.0,1050450
2024-11-14,7,2,7008,35040.0,1051200
2024-11-15,5,4,7009,35045.0,1051350
2024-11-16,15,4,7020,35100.0,1053000
2024-11-17,10,3,7027,35135.0,1054050
2024-11-18,8,3,7032,35160.0,1054800
2024-11-19,19,2,7049,35245.0,1057350
2024-11-20,8,3,7054,35270.0,1058100
2024-11-21,19,0,7073,35365.0,1060950
2024-11-22,12,1,7084,35420.0,1062600
2024-11-23,12,4,7092,35460.0,1063800
2024-11-24,11,3,7100,35500.0,1065000
2024-11-25,8,2,7106,35530.0,1065900
2024-11-26,5,4,7107,35535.0,1066050
2024-11-27,9,0,7116,35580.0,1067400
2024-11-28,19,2,7133,35665.0,1069950
2024-11-29,12,3,7142,35710.0,1071300
2024-11-30,5,1,7146,35730.0,1071900
2024-12-01,19,0,7165,35825.0,1074750
2024-12-02,6,0,7171,35855.0,1075650
2024-12-03,10,1,7180,35900.0,1077000
2024-12-04,5,3,7182,35910.0,1077300
2024-12-05,12,3,7191,35955.0,1078650
2024-12-06,9,3,7197,35985.0,1079550
2024-12-07,6,1,7202,36010.0,1080300
2024-12-08,9,1,7210,36050.0,1081500
2024-12-09,11,1,7220,36100.0,1083000
2024-12-10,18,3,7235,36175.0,1085250
2024-12-11,5,0,7240,36200.0,1086000
2024-12-12,6,1,7245,36225.0,1086750
2024-12-13,17,3,7259,36295.0,1088850
2024-12-14,16,2,7273,36365.0,1090950
2024-12-15,18,0,7291,36455.0,1093650
2024-12-16,18,4,7305,36525.0,1095750
2024-12-17,11,2,7314,36570.0,1097100
2024-12-18,9,4,7319,36595.0,1097850
2024-12-19,10,3,7326,36630.0,1098900
2024-12-20,5,0,7331,36655.0,1099650
2024-12-21,15,0,7346,36730.0,1101900
2024-12-22,14,3,7357,36785.0,1103550
2024-12-23,16,4,7369,36845.0,1105350
2024-12-24,17,1,7385,36925.0,1107750
2024-12-25,8,3,7390,36950.0,1108500
2024-12-26,14,1,7403,37015.0,1110450
2024-12-27,17,2,7418,37090.0,1112700
2024-12-28,8,0,7426,37130.0,1113900
2024-12-29,14,4,7436,37180.0,1115400
2024-12-30,13,2,7447,37235.0,1117050
2024-12-31,13,4,7456,37280.0,1118400
2025-01-01,9,2,7463,37315.0,1119450
2025-01-02,19,0,7482,37410.0,1122300
2025-01-03,11,4,7489,37445.0,1123350
2025-01-04,7,3,7493,37465.0,1123950
2025-01-05,19,2,7510,37550.0,1126500
2025-01-06,10,1,7519,37595.0,1127850
2025-01-07,9,1,7527,37635.0,1129050
2025-01-08,15,1,7541,37705.0,1131150
2025-01-09,11,0,7552,37760.0,1132800
2025-01-10,6,1,7557,37785.0,1133550
2025-01-11,10,2,7565,37825.0,1134750
2025-01-12,9,4,7570,37850.0,1135500
2025-01-13,17,2,7585,37925.0,1137750
2025-01-14,5,2,7588,37940.0,1138200
2025-01-15,5,0,7593,37965.0,1138950
2025-01-16,17,3,7607,38035.0,1141050
2025-01-17,13,2,7618,38090.0,1142700
2025-01-18,18,1,7635,38175.0,1145250
2025-01-19,6,0,7641,38205.0,1146150
2025-01-20,19,0,7660,38300.0,1149000
2025-01-21,10,4,7666,38330.0,1149900
2025-01-22,18,3,7681,38405.0,1152150
2025-01-23,9,4,7686,38430.0,1152900
2025-01-24,17,4,7699,38495.0,1154850
2025-01-25,19,0,7718,38590.0,1157700
2025-01-26,8,1,7725,38625.0,1158750
2025-01-27,15,3,7737,38685.0,1160550
2025-01-28,5,4,7738,38690.0,1160700
2025-01-29,9,0,7747,38735.0,1162050
2025-01-30,15,3,7759,38795.0,1163850
2025-01-31,15,2,7772,38860.0,1165800
2025-02-01,5,2,7775,38875.0,1166250
2025-02-02,9,2,7782,38910.0,1167300
2025-02-03,18,4,7796,38980.0,1169400
2025-02-04,5,4,7797,38985.0,1169550
2025-02-05,11,1,7807,39035.0,1171050
2025-02-06,9,1,7815,39075.0,1172250
2025-02-07,9,3,7821,39105.0,1173150
2025-02-08,9,3,7827,39135.0,1174050
2025-02-09,19,4,7842,39210.0,1176300
2025-02-10,12,0,7854,39270.0,1178100
2025-02-11,13,0,7867,39335.0,1180050
2025-02-12,18,3,7882,39410.0,1182300
2025-02-13,11,2,7891,39455.0,1183650
2025-02-14,13,2,7902,39510.0,1185300
2025-02-15,9,4,7907,39535.0,1186050
2025-02-16,8,2,7913,39565.0,1186950
2025-02-17,19,4,7928,39640.0,1189200
2025-02-18,5,4,7929,39645.0,1189350
2025-02-19,15,1,7943,39715.0,1191450
2025-02-20,5,0,7948,39740.0,1192200
2025-02-21,10,1,7957,39785.0,1193550
2025-02-22,8,4,7961,39805.0,1194150
2025-02-23,11,4,7968,39840.0,1195200
2025-02-24,13,0,7981,39905.0,1197150
2025-02-25,16,4,7993,39965.0,1198950
2025-02-26,5,1,7997,39985.0,1199550
2025-02-27,12,2,8007,40035.0,1201050
2025-02-28,19,2,8024,40120.0,1203600
2025-03-01,7,1,8030,40150.0,1204500
2025-03-02,12,2,8040,40200.0,1206000
2025-03-03,16,2,8054,40270.0,1208100
2025-03-04,17,0,8071,40355.0,1210650
2025-03-05,9,4,8076,40380.0,1211400
2025-03-06,7,0,8083,40415.0,1212450
2025-03-07,10,1,8092,40460.0,1213800
2025-03-08,14,0,8106,40530.0,1215900
2025-03-09,16,0,8122,40610.0,1218300
2025-03-10,12,3,8131,40655.0,1219650
2025-03-11,10,4,8137,40685.0,1220550
2025-03-12,16,4,8149,40745.0,1222350
2025-03-13,16,2,8163,40815.0,1224450
2025-03-14,13,4,8172,40860.0,1225800
2025-03-15,10,4,8178,40890.0,1226700
2025-03-16,8,1,8185,40925.0,1227750
2025-03-17,12,3,8194,40970.0,1229100
2025-03-18,7,3,8198,40990.0,1229700
2025-03-19,6,2,8202,41010.0,1230300
2025-03-20,7,1,8208,41040.0,1231200
2025-03-21,13,1,8220,41100.0,1233000
2025-03-22,5,0,8225,41125.0,1233750
2025-03-23,13,2,8236,41180.0,1235400
2025-03-24,10,4,8242,41210.0,1236300
2025-03-25,10,3,8249,41245.0,1237350
2025-03-26,9,3,8255,41275.0,1238250
2025-03-27,10,3,8262,41310.0,1239300
2025-03-28,14,0,8276,41380.0,1241400
2025-03-29,15,3,8288,41440.0,1243200
2025-03-30,8,1,8295,41475.0,1244250
2025-03-31,8,1,8302,41510.0,1245300
2025-04-01,15,1,8316,41580.0,1247400
2025-04-02,14,1,8329,41645.0,1249350
2025-04-03,18,1,8346,41730.0,1251900
2025-04-04,14,3,8357,41785.0,1253550
2025-04-05,11,2,8366,41830.0,1254900
2025-04-06,5,2,8369,41845.0,1255350
2025-04-07,9,4,8374,41870.0,1256100
2025-04-08,13,4,8383,41915.0,1257450
2025-04-09,17,2,8398,41990.0,1259700
2025-04-10,5,0,8403,42015.0,1260450
2025-04-11,8,4,8407,42035.0,1261050
2025-04-12,7,1,8413,42065.0,1261950
2025-04-13,11,1,8423,42115.0,1263450
2025-04-14,17,1,8439,42195.0,1265850
2025-04-15,10,0,8449,42245.0,1267350
2025-04-16,17,1,8465,42325.0,1269750
2025-04-17,14,3,8476,42380.0,1271400
2025-04-18,14,3,8487,42435.0,1273050
2025-04-19,14,1,8500,42500.0,1275000
2025-04-20,15,0,8515,42575.0,1277250
2025-04-21,8,0,8523,42615.0,1278450
2025-04-22,9,3,8529,42645.0,1279350
2025-04-23,13,1,8541,42705.0,1281150
2025-04-24,17,3,8555,42775.0,1283250
2025-04-25,13,1,8567,42835.0,1285050
2025-04-26,18,0,8585,42925.0,1287750
2025-04-27,16,2,8599,42995.0,1289850
2025-04-28,19,1,8617,43085.0,1292550
2025-04-29,17,2,8632,43160.0,1294800
2025-04-30,6,1,8637,43185.0,1295550
2025-05-01,17,1,8653,43265.0,1297950
2025-05-02,19,0,8672,43360.0,1300800
2025-05-03,14,2,8684,43420.0,1302600
2025-05-04,17,2,8699,43495.0,1304850
2025-05-05,9,4,8704,43520.0,1305600
2025-05-06,13,3,8714,43570.0,1307100
2025-05-07,16,4,8726,43630.0,1308900
2025-05-08,14,0,8740,43700.0,1311000
2025-05-09,7,0,8747,43735.0,1312050
2025-05-10,13,3,8757,43785.0,1313550
2025-05-11,7,1,8763,43815.0,1314450
2025-05-12,18,0,8781,43905.0,1317150
2025-05-13,18,2,8797,43985.0,1319550
2025-05-14,15,1,8811,44055.0,1321650
2025-05-15,14,0,8825,44125.0,1323750
2025-05-16,18,3,8840,44200.0,1326000
2025-05-17,17,1,8856,44280.0,1328400
2025-05-18,8,1,8863,44315.0,1329450
2025-05-19,10,1,8872,44360.0,1330800
2025-05-20,7,2,8877,44385.0,1331550
2025-05-21,8,1,8884,44420.0,1332600
2025-05-22,18,2,8900,44500.0,1335000
2025-05-23,17,4,8913,44565.0,1336950
2025-05-24,15,4,8924,44620.0,1338600
2025-05-25,8,0,8932,44660.0,1339800
2025-05-26,14,1,8945,44725.0,1341750
2025-05-27,13,3,8955,44775.0,1343250
2025-05-28,18,4,8969,44845.0,1345350
2025-05-29,16,4,8981,44905.0,1347150
2025-05-30,11,2,8990,44950.0,1348500
2025-05-31,16,3,9003,45015.0,1350450
2025-06-01,13,1,9015,45075.0,1352250
2025-06-02,11,0,9026,45130.0,1353900
2025-06-03,7,3,9030,45150.0,1354500
2025-06-04,8,4,9034,45170.0,1355100
2025-06-05,16,1,9049,45245.0,1357350
2025-06-06,7,3,9053,45265.0,1357950
2025-06-07,15,2,9066,45330.0,1359900
2025-06-08,12,4,9074,45370.0,1361100
2025-06-09,17,1,9090,45450.0,1363500
2025-06-10,18,4,9104,45520.0,1365600
2025-06-11,5,2,9107,45535.0,1366050
2025-06-12,8,2,9113,45565.0,1366950
2025-06-13,10,4,9119,45595.0,1367850
2025-06-14,17,4,9132,45660.0,1369800
2025-06-15,10,4,9138,45690.0,1370700
2025-06-16,14,4,9148,45740.0,1372200
2025-06-17,14,3,9159,45795.0,1373850
2025-06-18,11,4,9166,45830.0,1374900
2025-06-19,17,4,9179,45895.0,1376850
2025-06-20,6,1,9184,45920.0,1377600
2025-06-21,10,0,9194,45970.0,1379100
2025-06-22,9,3,9200,46000.0,1380000
2025-06-23,15,3,9212,46060.0,1381800
2025-06-24,9,2,9219,46095.0,1382850
2025-06-25,15,1,9233,46165.0,1384950
2025-06-26,5,3,9235,46175.0,1385250
2025-06-27,16,2,9249,46245.0,1387350
2025-06-28,6,4,9251,46255.0,1387650
2025-06-29,9,4,9256,46280.0,1388400
2025-06-30,11,1,9266,46330.0,1389900
2025-07-01,14,1,9279,46395.0,1391850
2025-07-02,18,1,9296,46480.0,1394400
2025-07-03,14,3,9307,46535.0,1396050
2025-07-04,6,1,9312,46560.0,1396800
2025-07-05,18,0,9330,46650.0,1399500
2025-07-06,7,3,9334,46670.0,1400100
2025-07-07,10,3,9341,46705.0,1401150
2025-07-08,19,0,9360,46800.0,1404000
2025-07-09,5,0,9365,46825.0,1404750
2025-07-10,14,3,9376,46880.0,1406400
2025-07-11,11,1,9386,46930.0,1407900
2025-07-12,8,1,9393,46965.0,1408950
2025-07-13,9,4,9398,46990.0,1409700
2025-07-14,19,4,9413,47065.0,1411950
2025-07-15,10,4,9419,47095.0,1412850
2025-07-16,9,3,9425,47125.0,1413750
2025-07-17,19,4,9440,47200.0,1416000
2025-07-18,12,2,9450,47250.0,1417500
2025-07-19,7,0,9457,47285.0,1418550
2025-07-20,8,0,9465,47325.0,1419750
2025-07-21,15,3,9477,47385.0,1421550
2025-07-22,11,2,9486,47430.0,1422900
2025-07-23,12,3,9495,47475.0,1424250
2025-07-24,10,3,9502,47510.0,1425300
2025-07-25,9,2,9509,47545.0,1426350
2025-07-26,8,3,9514,47570.0,1427100
2025-07-27,6,0,9520,47600.0,1428000
2025-07-28,5,4,9521,47605.0,1428150
2025-07-29,19,1,9539,47695.0,1430850
2025-07-30,17,3,9553,47765.0,1432950
2025-07-31,13,0,9566,47830.0,1434900
2025-08-01,19,3,9582,47910.0,1437300
2025-08-02,11,2,9591,47955.0,1438650
2025-08-03,8,4,9595,47975.0,1439250
2025-08-04,7,2,9600,48000.0,1440000
2025-08-05,16,2,9614,48070.0,1442100
2025-08-06,7,4,9617,48085.0,1442550
2025-08-07,11,4,9624,48120.0,1443600
2025-08-08,19,0,9643,48215.0,1446450
2025-08-09,12,3,9652,48260.0,1447800
2025-08-10,10,4,9658,48290.0,1448700
2025-08-11,18,3,9673,48365.0,1450950
2025-08-12,5,0,9678,48390.0,1451700
2025-08-13,7,2,9683,48415.0,1452450
2025-08-14,16,0,9699,48495.0,1454850
2025-08-15,17,2,9714,48570.0,1457100
2025-08-16,8,4,9718,48590.0,1457700
2025-08-17,16,0,9734,48670.0,1460100
2025-08-18,11,3,9742,48710.0,1461300
2025-08-19,9,2,9749,48745.0,1462350
2025-08-20,15,3,9761,48805.0,1464150
2025-08-21,13,3,9771,48855.0,1465650
2025-08-22,14,3,9782,48910.0,1467300
2025-08-23,16,1,9797,48985.0,1469550
2025-08-24,10,3,9804,49020.0,1470600
2025-08-25,13,0,9817,49085.0,1472550
2025-08-26,10,3,9824,49120.0,1473600
2025-08-27,15,4,9835,49175.0,1475250
2025-08-28,11,0,9846,49230.0,1476900
2025-08-29,19,2,9863,49315.0,1479450
2025-08-30,10,1,9872,49360.0,1480800
2025-08-31,13,0,9885,49425.0,1482750
2025-09-01,6,0,9891,49455.0,1483650
2025-09-02,9,1,9899,49495.0,1484850
2025-09-03,17,4,9912,49560.0,1486800
2025-09-04,11,0,9923,49615.0,1488450
2025-09-05,14,0,9937,49685.0,1490550
2025-09-06,7,1,9943,49715.0,1491450
2025-09-07,9,2,9950,49750.0,1492500
2025-09-08,13,4,9959,49795.0,1493850
2025-09-09,19,0,9978,49890.0,1496700
2025-09-10,8,2,9984,49920.0,1497600
2025-09-11,13,1,9996,49980.0,1499400
2025-09-12,16,4,10008,50040.0,1501200
2025-09-13,10,4,10014,50070.0,1502100
2025-09-14,15,4,10025,50125.0,1503750
2025-09-15,19,4,10040,50200.0,1506000
2025-09-16,8,4,10044,50220.0,1506600
2025-09-17,15,4,10055,50275.0,1508250
2025-09-18,14,0,10069,50345.0,1510350
2025-09-19,12,4,10077,50385.0,1511550
2025-09-20,13,3,10087,50435.0,1513050
2025-09-21,12,0,10099,50495.0,1514850
2025-09-22,10,3,10106,50530.0,1515900
2025-09-23,15,0,10121,50605.0,1518150
2025-09-24,12,2,10131,50655.0,1519650
2025-09-25,18,3,10146,50730.0,1521900
2025-09-26,18,2,10162,50810.0,1524300
2025-09-27,5,4,10163,50815.0,1524450
2025-09-28,10,1,10172,50860.0,1525800
2025-09-29,5,4,10173,50865.0,1525950
2025-09-30,13,3,10183,50915.0,1527450
2025-10-01,14,4,10193,50965.0,1528950
2025-10-02,12,1,10204,51020.0,1530600
2025-10-03,16,1,10219,51095.0,1532850
2025-10-04,5,2,10222,51110.0,1533300
2025-10-05,9,0,10231,51155.0,1534650
2025-10-06,8,3,10236,51180.0,1535400
2025-10-07,15,2,10249,51245.0,1537350
2025-10-08,17,0,10266,51330.0,1539900
2025-10-09,5,3,10268,51340.0,1540200
2025-10-10,19,0,10287,51435.0,1543050
2025-10-11,5,1,10291,51455.0,1543650
2025-10-12,12,0,10303,51515.0,1545450
2025-10-13,8,0,10311,51555.0,1546650
2025-10-14,6,2,10315,51575.0,1547250
2025-10-15,6,2,10319,51595.0,1547850
2025-10-16,5,2,10322,51610.0,1548300
2025-10-17,16,1,10337,51685.0,1550550
2025-10-18,9,0,10346,51730.0,1551900
2025-10-19,8,3,10351,51755.0,1552650
2025-10-20,8,2,10357,51785.0,1553550
2025-10-21,13,3,10367,51835.0,1555050
2025-10-22,12,4,10375,51875.0,1556250
2025-10-23,9,4,10380,51900.0,1557000
2025-10-24,15,3,10392,51960.0,1558800
2025-10-25,6,0,10398,51990.0,1559700
2025-10-26,17,1,10414,52070.0,1562100
2025-10-27,16,3,10427,52135.0,1564050
2025-10-28,10,0,10437,52185.0,1565550
2025-10-29,7,4,10440,52200.0,1566000
2025-10-30,7,0,10447,52235.0,1567050
2025-10-31,18,0,10465,52325.0,1569750
2025-11-01,16,4,10477,52385.0,1571550
2025-11-02,12,4,10485,52425.0,1572750
2025-11-03,10,4,10491,52455.0,1573650
2025-11-04,18,0,10509,52545.0,1576350
2025-11-05,6,2,10513,52565.0,1576950
2025-11-06,6,4,10515,52575.0,1577250
2025-11-07,7,4,10518,52590.0,1577700
2025-11-08,15,4,10529,52645.0,1579350
2025-11-09,8,2,10535,52675.0,1580250
2025-11-10,18,3,10550,52750.0,1582500
2025-11-11,18,0,10568,52840.0,1585200
2025-11-12,10,3,10575,52875.0,1586250
2025-11-13,15,3,10587,52935.0,1588050
2025-11-14,11,1,10597,52985.0,1589550
2025-11-15,11,1,10607,53035.0,1591050
2025-11-16,18,2,10623,53115.0,1593450
2025-11-17,6,4,10625,53125.0,1593750
2025-11-18,7,2,10630,53150.0,1594500
2025-11-19,11,1,10640,53200.0,1596000
2025-11-20,13,4,10649,53245.0,1597350
2025-11-21,11,3,10657,53285.0,1598550
2025-11-22,9,2,10664,53320.0,1599600
2025-11-23,19,0,10683,53415.0,1602450
2025-11-24,8,4,10687,53435.0,1603050
2025-11-25,9,2,10694,53470.0,1604100
2025-11-26,12,1,10705,53525.0,1605750
2025-11-27,13,4,10714,53570.0,1607100
2025-11-28,19,3,10730,53650.0,1609500
2025-11-29,14,1,10743,53715.0,1611450
2025-11-30,12,4,10751,53755.0,1612650
2025-12-01,13,3,10761,53805.0,1614150
2025-12-02,15,2,10774,53870.0,1616100
2025-12-03,5,2,10777,53885.0,1616550
2025-12-04,12,3,10786,53930.0,1617900
2025-12-05,15,0,10801,54005.0,1620150
2025-12-06,9,2,10808,54040.0,1621200
2025-12-07,18,3,10823,54115.0,1623450
2025-12-08,9,0,10832,54160.0,1624800
2025-12-09,11,1,10842,54210.0,1626300
2025-12-10,16,1,10857,54285.0,1628550
2025-12-11,10,4,10863,54315.0,1629450
2025-12-12,14,2,10875,54375.0,1631250
2025-12-13,7,3,10879,54395.0,1631850
2025-12-14,13,3,10889,54445.0,1633350
2025-12-15,17,1,10905,54525.0,1635750
2025-12-16,17,3,10919,54595.0,1637850
2025-12-17,16,3,10932,54660.0,1639800
2025-12-18,12,4,10940,54700.0,1641000
2025-12-19,8,2,10946,54730.0,1641900
2025-12-20,16,4,10958,54790.0,1643700
2025-12-21,5,1,10962,54810.0,1644300
2025-12-22,19,4,10977,54885.0,1646550
2025-12-23,9,4,10982,54910.0,1647300
2025-12-24,19,0,11001,55005.0,1650150
2025-12-25,10,1,11010,55050.0,1651500
2025-12-26,7,0,11017,55085.0,1652550
2025-12-27,15,4,11028,55140.0,1654200
2025-12-28,12,1,11039,55195.0,1655850
2025-12-29,13,0,11052,55260.0,1657800
2025-12-30,11,4,11059,55295.0,1658850
2025-12-31,7,4,11062,55310.0,1659300
2026-01-01,10,1,11071,55355.0,1660650
2026-01-02,15,1,11085,55425.0,1662750
2026-01-03,12,1,11096,55480.0,1664400
2026-01-04,19,0,11115,55575.0,1667250
2026-01-05,6,0,11121,55605.0,1668150
2026-01-06,12,3,11130,55650.0,1669500
2026-01-07,7,3,11134,55670.0,1670100
2026-01-08,17,0,11151,55755.0,1672650
2026-01-09,18,4,11165,55825.0,1674750
2026-01-10,6,0,11171,55855.0,1675650
2026-01-11,18,3,11186,55930.0,1677900
2026-01-12,19,0,11205,56025.0,1680750
2026-01-13,11,2,11214,56070.0,1682100
2026-01-14,19,0,11233,56165.0,1684950
2026-01-15,14,1,11246,56230.0,1686900
2026-01-16,7,4,11249,56245.0,1687350
2026-01-17,12,4,11257,56285.0,1688550
2026-01-18,9,3,11263,56315.0,1689450
2026-01-19,15,3,11275,56375.0,1691250
2026-01-20,18,0,11293,56465.0,1693950
2026-01-21,14,4,11303,56515.0,1695450
2026-01-22,10,4,11309,56545.0,1696350
2026-01-23,11,2,11318,56590.0,1697700
2026-01-24,19,4,11333,56665.0,1699950
2026-01-25,13,4,11342,56710.0,1701300
2026-01-26,10,2,11350,56750.0,1702500
2026-01-27,10,1,11359,56795.0,1703850
2026-01-28,18,1,11376,56880.0,1706400
2026-01-29,13,3,11386,56930.0,1707900
2026-01-30,7,4,11389,56945.0,1708350
2026-01-31,14,3,11400,57000.0,1710000
2026-02-01,12,1,11411,57055.0,1711650
2026-02-02,7,3,11415,57075.0,1712250
2026-02-03,19,3,11431,57155.0,1714650
2026-02-04,12,0,11443,57215.0,1716450
2026-02-05,8,1,11450,57250.0,1717500
2026-02-06,11,1,11460,57300.0,1719000
2026-02-07,10,0,11470,57350.0,1720500
2026-02-08,13,1,11482,57410.0,1722300
2026-02-09,10,2,11490,57450.0,1723500
2026-02-10,18,1,11507,57535.0,1726050
2026-02-11,12,2,11517,57585.0,1727550
2026-02-12,15,0,11532,57660.0,1729800
2026-02-13,18,4,11546,57730.0,1731900
2026-02-14,10,1,11555,57775.0,1733250
2026-02-15,18,0,11573,57865.0,1735950
2026-02-16,10,4,11579,57895.0,1736850
2026-02-17,10,3,11586,57930.0,1737900
